<contacts>
  <contact>
    <name>Sverre Velten Rothmund</name>
    <title>Leder</title>
    <mail>sverrevr@stud.ntnu.no</mail>
  </contact>
  <contact>
    <name>Astrit Radenovic Mehmeti</name>
    <title>Nest-leder</title>
    <mail>astritrm@stud.ntnu.no</mail>
  </contact>
  <contact>
    <name>Endre Larsen</name>
    <title>Medlemsansvarlig</title>
    <mail>endre.larsen93@gmail.com</mail>
  </contact>
  <contact>
    <name>Kristoffer Engedal Andreassen</name>
    <title>PR-ansvarlig</title>
    <mail>gliffie@gmail.com</mail>
  </contact>
  <contact>
    <name>Joakim Grønstad Lindgren</name>
    <title>Økonomiansvarlig</title>
    <mail>joakigl@stud.ntnu.no</mail>
  </contact>
</contacts>